[{"family":"MaterialIcons","fonts":[{"asset":"fonts/MaterialIcons-Regular.otf"}]},{"family":"packages/material_symbols_icons/MaterialSymbolsOutlined","fonts":[{"asset":"packages/material_symbols_icons/lib/fonts/MaterialSymbolsOutlined.ttf"}]},{"family":"packages/material_symbols_icons/MaterialSymbolsRounded","fonts":[{"asset":"packages/material_symbols_icons/lib/fonts/MaterialSymbolsRounded.ttf"}]},{"family":"packages/material_symbols_icons/MaterialSymbolsSharp","fonts":[{"asset":"packages/material_symbols_icons/lib/fonts/MaterialSymbolsSharp.ttf"}]},{"family":"packages/fluent_ui/FluentIcons","fonts":[{"asset":"packages/fluent_ui/fonts/FluentIcons.ttf"}]},{"family":"packages/fluent_ui/SegoeIcons","fonts":[{"asset":"packages/fluent_ui/fonts/SegoeIcons.ttf"}]}]